{"cameraMode":{"drawMode":0,"name":"Shaded","section":"Shading Mode"},"sceneLighting":true,"audioPlay":false,"sceneViewState":{"showFog":true,"showMaterialUpdate":false,"showSkybox":true,"showFlares":true,"showImageEffects":true,"showParticleSystems":true},"in2DMode":false,"pivot":{"x":504.608154296875,"y":103.85916900634766,"z":-12.005449295043946},"rotation":{"x":-0.033300112932920459,"y":-0.014394196681678296,"z":0.00047974043991416693,"w":-0.9993427991867065},"size":219.95199584960938,"orthographic":false}